[{"model": "contenttypes.contenttype", "pk": 1, "fields": {"app_label": "admin", "model": "logentry"}}, {"model": "contenttypes.contenttype", "pk": 2, "fields": {"app_label": "auth", "model": "permission"}}, {"model": "contenttypes.contenttype", "pk": 3, "fields": {"app_label": "auth", "model": "group"}}, {"model": "contenttypes.contenttype", "pk": 4, "fields": {"app_label": "contenttypes", "model": "contenttype"}}, {"model": "contenttypes.contenttype", "pk": 5, "fields": {"app_label": "sessions", "model": "session"}}, {"model": "contenttypes.contenttype", "pk": 7, "fields": {"app_label": "accounts", "model": "profile"}}, {"model": "contenttypes.contenttype", "pk": 8, "fields": {"app_label": "accounts", "model": "role"}}, {"model": "contenttypes.contenttype", "pk": 9, "fields": {"app_label": "accounts", "model": "userrole"}}, {"model": "contenttypes.contenttype", "pk": 10, "fields": {"app_label": "project_page", "model": "pagemenu"}}, {"model": "contenttypes.contenttype", "pk": 11, "fields": {"app_label": "project_page", "model": "rolemenu"}}, {"model": "contenttypes.contenttype", "pk": 12, "fields": {"app_label": "system_manager", "model": "mod"}}, {"model": "contenttypes.contenttype", "pk": 13, "fields": {"app_label": "system_manager", "model": "project"}}, {"model": "contenttypes.contenttype", "pk": 14, "fields": {"app_label": "system_manager", "model": "platform"}}, {"model": "contenttypes.contenttype", "pk": 15, "fields": {"app_label": "question_manage", "model": "question"}}, {"model": "contenttypes.contenttype", "pk": 16, "fields": {"app_label": "question_manage", "model": "questionstatistics"}}, {"model": "contenttypes.contenttype", "pk": 17, "fields": {"app_label": "project_page", "model": "questionstatistics"}}, {"model": "contenttypes.contenttype", "pk": 18, "fields": {"app_label": "exam_online", "model": "examinationinfo"}}, {"model": "contenttypes.contenttype", "pk": 19, "fields": {"app_label": "exam_online", "model": "questioninfo"}}, {"model": "contenttypes.contenttype", "pk": 20, "fields": {"app_label": "exam_online", "model": "optioninfo"}}, {"model": "contenttypes.contenttype", "pk": 21, "fields": {"app_label": "exam_online", "model": "examinationinfoquestioninfoprofile"}}, {"model": "sessions.session", "pk": "9ejkra6r3w8njscvo1eotxabto290xa1", "fields": {"session_data": "OTM0YmU3ZjQ2MjZiNTI5ZmIwZjVjMTlmMTI3YzZhNWIwOWQ0YzA1Zjp7Il9hdXRoX3VzZXJfaWQiOiIxIiwiX2F1dGhfdXNlcl9iYWNrZW5kIjoiZGphbmdvLmNvbnRyaWIuYXV0aC5iYWNrZW5kcy5Nb2RlbEJhY2tlbmQiLCJfYXV0aF91c2VyX2hhc2giOiJhMDg5YTIyYTYyZGE5ZWRjY2E3MDZkZTBkNjBiMTFmNGUwOGVkNWE5In0=", "expire_date": "2020-06-04T14:53:22.453"}}, {"model": "sessions.session", "pk": "gk2gw0r5dj89dl1xxjja64fpk8wi4gup", "fields": {"session_data": "NWE2Mzk5N2FhNTBiOTdhYjcyZGJlOTI3ODU5NTA3NDFhMzI0MTRjZDp7Il9hdXRoX3VzZXJfaWQiOiIxIiwiX2F1dGhfdXNlcl9iYWNrZW5kIjoiZGphbmdvLmNvbnRyaWIuYXV0aC5iYWNrZW5kcy5Nb2RlbEJhY2tlbmQiLCJfYXV0aF91c2VyX2hhc2giOiJmYTY5YzdhZmNiOGIyYTFlM2Q5NTI2ZDg4YTk4N2Y5MGNiYWRlNWRmIn0=", "expire_date": "2020-06-03T21:18:49.530"}}, {"model": "sessions.session", "pk": "sgezs3ek4r1a8vmvs9t91wr4bm07fvs4", "fields": {"session_data": "NWNhNzk3MjIxYjlmZjVlOWZkOWI1NzY0ZGJiOWVjYWZkZTNlZDljYTp7Il9hdXRoX3VzZXJfaWQiOiI0IiwiX2F1dGhfdXNlcl9iYWNrZW5kIjoiZGphbmdvLmNvbnRyaWIuYXV0aC5iYWNrZW5kcy5Nb2RlbEJhY2tlbmQiLCJfYXV0aF91c2VyX2hhc2giOiI0YzRhYmY1N2FhZDdlYmVmZWM2YzdkZTU2ZmZkOGE4NTE0MDQ5ZWU3In0=", "expire_date": "2020-06-01T20:35:01.921"}}, {"model": "accounts.role", "pk": 1, "fields": {"name": "\u7ba1\u7406\u5458", "type": "1"}}, {"model": "accounts.role", "pk": 2, "fields": {"name": "\u5b9e\u65bd\u4eba", "type": "1"}}, {"model": "accounts.role", "pk": 3, "fields": {"name": "\u95ee\u9898\u6c47\u62a5\u4eba\u5458", "type": "1"}}, {"model": "accounts.role", "pk": 4, "fields": {"name": "\u95ee\u9898\u6c47\u603b\u4eba\u5458", "type": "1"}}, {"model": "project_page.pagemenu", "pk": 1, "fields": {"title": "\u7cfb\u7edf\u7ba1\u7406", "icon": "layui-icon layui-icon-set-fill", "type": "0", "pid": "0", "opentype": "_iframe", "href": "#", "spread": "true", "createtime": "2020-05-16T07:59:33"}}, {"model": "project_page.pagemenu", "pk": 2, "fields": {"title": "\u7528\u6237\u7ba1\u7406", "icon": "layui-icon layui-icon-username", "type": "1", "pid": "1", "opentype": "_iframe", "href": "/system_manager/user/", "spread": "true", "createtime": "2020-05-16T08:01:52"}}, {"model": "project_page.pagemenu", "pk": 3, "fields": {"title": "\u5de5\u4f5c\u7a7a\u95f4", "icon": "layui-icon layui-icon-console", "type": "0", "pid": "0", "opentype": "_iframe", "href": "#", "spread": "true", "createtime": "2020-05-16T08:35:52"}}, {"model": "project_page.pagemenu", "pk": 4, "fields": {"title": "\u7528\u6237\u7ec4\u7ba1\u7406", "icon": "layui-icon layui-icon-username", "type": "1", "pid": "1", "opentype": "_iframe", "href": "/system_manager/group/", "spread": "true", "createtime": "2020-05-16T08:35:52"}}, {"model": "project_page.pagemenu", "pk": 5, "fields": {"title": "\u89d2\u8272\u7ba1\u7406", "icon": "layui-icon layui-icon-username", "type": "1", "pid": "1", "opentype": "_iframe", "href": "/system_manager/role/", "spread": "true", "createtime": "2020-05-16T11:27:22"}}, {"model": "project_page.pagemenu", "pk": 6, "fields": {"title": "\u9879\u76ee\u7ba1\u7406", "icon": "layui-icon layui-icon-console", "type": "1", "pid": "1", "opentype": "_iframe", "href": "/system_manager/project/", "spread": "true", "createtime": "2020-05-16T13:47:41"}}, {"model": "project_page.pagemenu", "pk": 7, "fields": {"title": "\u6a21\u5757\u7ba1\u7406", "icon": "layui-icon layui-icon-console", "type": "1", "pid": "1", "opentype": "_iframe", "href": "/system_manager/mod/", "spread": "true", "createtime": "2020-05-16T14:24:08"}}, {"model": "project_page.pagemenu", "pk": 8, "fields": {"title": "\u5e73\u53f0\u7ba1\u7406", "icon": "layui-icon layui-icon-console", "type": "1", "pid": "1", "opentype": "_iframe", "href": "/system_manager/platform/", "spread": "true", "createtime": "2020-05-16T14:42:01"}}, {"model": "project_page.pagemenu", "pk": 9, "fields": {"title": "\u83dc\u5355\u7ba1\u7406", "icon": "layui-icon layui-icon-console", "type": "1", "pid": "1", "opentype": "_iframe", "href": "/system_manager/menu/", "spread": "true", "createtime": "2020-05-16T15:01:31"}}, {"model": "project_page.pagemenu", "pk": 10, "fields": {"title": "\u65b0\u5efa\u95ee\u9898", "icon": "layui-icon layui-icon-console", "type": "1", "pid": "3", "opentype": "_iframe", "href": "/question_manage/new_question/", "spread": "true", "createtime": "2020-05-16T17:19:20"}}, {"model": "project_page.pagemenu", "pk": 12, "fields": {"title": "\u95ee\u9898\u67e5\u770b", "icon": "layui-icon layui-icon-username", "type": "1", "pid": "3", "opentype": "_iframe", "href": "/question_manage/question/", "spread": "true", "createtime": "2020-05-17T06:31:40"}}, {"model": "project_page.pagemenu", "pk": 13, "fields": {"title": "Console", "icon": "layui-icon layui-icon-console", "type": "1", "pid": "3", "opentype": "_iframe", "href": "/console/", "spread": "true", "createtime": "2020-05-19T08:52:54"}}, {"model": "project_page.pagemenu", "pk": 14, "fields": {"title": "\u5df2\u5b8c\u7ed3\u95ee\u9898\u67e5\u770b", "icon": "layui-icon layui-icon-console", "type": "1", "pid": "3", "opentype": "_iframe", "href": "/question_manage/solved_question", "spread": "true", "createtime": "2020-05-19T10:25:39"}}, {"model": "project_page.pagemenu", "pk": 15, "fields": {"title": "\u672a\u5b8c\u7ed3\u95ee\u9898\u67e5\u770b", "icon": "layui-icon layui-icon-console", "type": "1", "pid": "3", "opentype": "_iframe", "href": "/question_manage/unresolved_question/", "spread": "true", "createtime": "2020-05-19T10:25:39"}}, {"model": "project_page.pagemenu", "pk": 16, "fields": {"title": "\u5783\u573e\u6587\u7ae0\u751f\u6210", "icon": "layui-icon layui-icon-username", "type": "1", "pid": "3", "opentype": "_iframe", "href": "/bulshit/", "spread": "true", "createtime": "2020-05-20T00:20:00"}}, {"model": "project_page.pagemenu", "pk": 17, "fields": {"title": "\u8003\u8bd5\u7cfb\u7edf", "icon": "layui-icon layui-icon-username", "type": "0", "pid": "0", "opentype": "_iframe", "href": "#", "spread": "true", "createtime": "2020-05-21T00:02:00"}}, {"model": "project_page.pagemenu", "pk": 18, "fields": {"title": "\u65b0\u5efa\u9898\u76ee", "icon": "layui-icon layui-icon-username", "type": "1", "pid": "17", "opentype": "_iframe", "href": "/exam_online/questioninfo_manage/", "spread": "true", "createtime": "2020-05-21T00:58:00"}}, {"model": "project_page.rolemenu", "pk": 37, "fields": {"page_menu": 6, "role": 3}}, {"model": "project_page.rolemenu", "pk": 38, "fields": {"page_menu": 9, "role": 3}}, {"model": "project_page.rolemenu", "pk": 39, "fields": {"page_menu": 10, "role": 3}}, {"model": "project_page.rolemenu", "pk": 48, "fields": {"page_menu": 1, "role": 4}}, {"model": "project_page.rolemenu", "pk": 49, "fields": {"page_menu": 2, "role": 4}}, {"model": "project_page.rolemenu", "pk": 50, "fields": {"page_menu": 6, "role": 4}}, {"model": "project_page.rolemenu", "pk": 51, "fields": {"page_menu": 3, "role": 4}}, {"model": "project_page.rolemenu", "pk": 52, "fields": {"page_menu": 10, "role": 4}}, {"model": "project_page.rolemenu", "pk": 53, "fields": {"page_menu": 12, "role": 4}}, {"model": "project_page.rolemenu", "pk": 129, "fields": {"page_menu": 1, "role": 1}}, {"model": "project_page.rolemenu", "pk": 130, "fields": {"page_menu": 2, "role": 1}}, {"model": "project_page.rolemenu", "pk": 131, "fields": {"page_menu": 4, "role": 1}}, {"model": "project_page.rolemenu", "pk": 132, "fields": {"page_menu": 5, "role": 1}}, {"model": "project_page.rolemenu", "pk": 133, "fields": {"page_menu": 6, "role": 1}}, {"model": "project_page.rolemenu", "pk": 134, "fields": {"page_menu": 7, "role": 1}}, {"model": "project_page.rolemenu", "pk": 135, "fields": {"page_menu": 8, "role": 1}}, {"model": "project_page.rolemenu", "pk": 136, "fields": {"page_menu": 9, "role": 1}}, {"model": "project_page.rolemenu", "pk": 137, "fields": {"page_menu": 3, "role": 1}}, {"model": "project_page.rolemenu", "pk": 138, "fields": {"page_menu": 10, "role": 1}}, {"model": "project_page.rolemenu", "pk": 139, "fields": {"page_menu": 12, "role": 1}}, {"model": "project_page.rolemenu", "pk": 140, "fields": {"page_menu": 13, "role": 1}}, {"model": "project_page.rolemenu", "pk": 141, "fields": {"page_menu": 14, "role": 1}}, {"model": "project_page.rolemenu", "pk": 142, "fields": {"page_menu": 15, "role": 1}}, {"model": "project_page.rolemenu", "pk": 143, "fields": {"page_menu": 16, "role": 1}}, {"model": "project_page.rolemenu", "pk": 144, "fields": {"page_menu": 17, "role": 1}}, {"model": "project_page.rolemenu", "pk": 145, "fields": {"page_menu": 18, "role": 1}}, {"model": "project_page.rolemenu", "pk": 146, "fields": {"page_menu": 3, "role": 2}}, {"model": "project_page.rolemenu", "pk": 147, "fields": {"page_menu": 10, "role": 2}}, {"model": "project_page.questionstatistics", "pk": 1, "fields": {"new": 20, "solved": 1, "unresolved": 29, "createtime": "2020-05-16T08:34:22"}}, {"model": "project_page.questionstatistics", "pk": 2, "fields": {"new": 20, "solved": 2, "unresolved": 28, "createtime": "2020-05-17T08:34:13"}}, {"model": "project_page.questionstatistics", "pk": 3, "fields": {"new": 21, "solved": 2, "unresolved": 29, "createtime": "2020-05-18T08:34:02"}}, {"model": "project_page.questionstatistics", "pk": 4, "fields": {"new": 21, "solved": 6, "unresolved": 25, "createtime": "2020-05-15T08:45:52"}}, {"model": "project_page.questionstatistics", "pk": 5, "fields": {"new": 21, "solved": 6, "unresolved": 25, "createtime": "2020-05-19T08:45:52.786"}}, {"model": "project_page.questionstatistics", "pk": 6, "fields": {"new": 10, "solved": 10, "unresolved": 10, "createtime": "2020-05-20T00:36:00"}}, {"model": "system_manager.mod", "pk": 1, "fields": {"name": "\u7535\u5b50\u652f\u4ed8", "show": "\u7535\u5b50\u652f\u4ed8", "createtime": "2020-05-16T13:25:47"}}, {"model": "system_manager.mod", "pk": 2, "fields": {"name": "\u9884\u7b97\u6267\u884c\u7edf\u8ba1", "show": "\u9884\u7b97\u6267\u884c\u7edf\u8ba1", "createtime": "2020-05-16T13:25:47"}}, {"model": "system_manager.mod", "pk": 4, "fields": {"name": "\u603b\u9884\u7b97\u4f1a\u8ba1", "show": "\u603b\u9884\u7b97\u4f1a\u8ba1", "createtime": "2020-05-16T13:25:47"}}, {"model": "system_manager.mod", "pk": 5, "fields": {"name": "\u9884\u7b97\u7ee9\u6548\u6307\u6807\u5e93", "show": "\u9884\u7b97\u7ee9\u6548\u6307\u6807\u5e93", "createtime": "2020-05-16T13:25:47"}}, {"model": "system_manager.mod", "pk": 6, "fields": {"name": "\u9884\u7b97\u9879\u76ee\u5e93", "show": "\u9884\u7b97\u9879\u76ee\u5e93", "createtime": "2020-05-16T13:25:47"}}, {"model": "system_manager.mod", "pk": 7, "fields": {"name": "\u9884\u7b97\u7f16\u5ba1", "show": "\u9884\u7b97\u7f16\u5ba1", "createtime": "2020-05-16T13:25:47"}}, {"model": "system_manager.mod", "pk": 8, "fields": {"name": "\u5de5\u8d44\u7ba1\u7406", "show": "\u5de5\u8d44\u7ba1\u7406", "createtime": "2020-05-16T13:25:47"}}, {"model": "system_manager.mod", "pk": 9, "fields": {"name": "\u9884\u7b97\u6307\u6807", "show": "\u9884\u7b97\u6307\u6807", "createtime": "2020-05-16T13:25:47"}}, {"model": "system_manager.mod", "pk": 10, "fields": {"name": "\u4e1a\u52a1\u652f\u6491\u5e73\u53f0", "show": "\u4e1a\u52a1\u652f\u6491\u5e73\u53f0", "createtime": "2020-05-16T13:25:47"}}, {"model": "system_manager.mod", "pk": 11, "fields": {"name": "\u653f\u5e9c\u8d22\u52a1\u62a5\u544a", "show": "\u653f\u5e9c\u8d22\u52a1\u62a5\u544a", "createtime": "2020-05-16T13:25:47"}}, {"model": "system_manager.mod", "pk": 12, "fields": {"name": "\u529e\u516c\u81ea\u52a8\u5316", "show": "\u529e\u516c\u81ea\u52a8\u5316", "createtime": "2020-05-16T13:25:47"}}, {"model": "system_manager.platform", "pk": 1, "fields": {"name": "\u5175\u56e2\u8d22\u653f\u4e00\u4f53\u5316\u5e73\u53f0--\u6d4b\u8bd5", "show": "\u5175\u56e2\u8d22\u653f\u4e00\u4f53\u5316\u5e73\u53f0\u6d4b\u8bd5\u7aef", "createtime": "2020-05-16T13:25:47"}}, {"model": "system_manager.platform", "pk": 2, "fields": {"name": "\u5175\u56e2\u4e00\u4f53\u5316\u5e73\u53f0---\u6b63\u5f0f", "show": "\u5175\u56e2\u8d22\u653f\u4e00\u4f53\u5316\u5e73\u53f0\u6b63\u5f0f\u7aef", "createtime": "2020-05-16T13:25:47"}}, {"model": "auth.permission", "pk": 1, "fields": {"name": "Can add log entry", "content_type": 1, "codename": "add_logentry"}}, {"model": "auth.permission", "pk": 2, "fields": {"name": "Can change log entry", "content_type": 1, "codename": "change_logentry"}}, {"model": "auth.permission", "pk": 3, "fields": {"name": "Can delete log entry", "content_type": 1, "codename": "delete_logentry"}}, {"model": "auth.permission", "pk": 4, "fields": {"name": "Can view log entry", "content_type": 1, "codename": "view_logentry"}}, {"model": "auth.permission", "pk": 5, "fields": {"name": "Can add permission", "content_type": 2, "codename": "add_permission"}}, {"model": "auth.permission", "pk": 6, "fields": {"name": "Can change permission", "content_type": 2, "codename": "change_permission"}}, {"model": "auth.permission", "pk": 7, "fields": {"name": "Can delete permission", "content_type": 2, "codename": "delete_permission"}}, {"model": "auth.permission", "pk": 8, "fields": {"name": "Can view permission", "content_type": 2, "codename": "view_permission"}}, {"model": "auth.permission", "pk": 9, "fields": {"name": "Can add group", "content_type": 3, "codename": "add_group"}}, {"model": "auth.permission", "pk": 10, "fields": {"name": "Can change group", "content_type": 3, "codename": "change_group"}}, {"model": "auth.permission", "pk": 11, "fields": {"name": "Can delete group", "content_type": 3, "codename": "delete_group"}}, {"model": "auth.permission", "pk": 12, "fields": {"name": "Can view group", "content_type": 3, "codename": "view_group"}}, {"model": "auth.permission", "pk": 13, "fields": {"name": "Can add content type", "content_type": 4, "codename": "add_contenttype"}}, {"model": "auth.permission", "pk": 14, "fields": {"name": "Can change content type", "content_type": 4, "codename": "change_contenttype"}}, {"model": "auth.permission", "pk": 15, "fields": {"name": "Can delete content type", "content_type": 4, "codename": "delete_contenttype"}}, {"model": "auth.permission", "pk": 16, "fields": {"name": "Can view content type", "content_type": 4, "codename": "view_contenttype"}}, {"model": "auth.permission", "pk": 17, "fields": {"name": "Can add session", "content_type": 5, "codename": "add_session"}}, {"model": "auth.permission", "pk": 18, "fields": {"name": "Can change session", "content_type": 5, "codename": "change_session"}}, {"model": "auth.permission", "pk": 19, "fields": {"name": "Can delete session", "content_type": 5, "codename": "delete_session"}}, {"model": "auth.permission", "pk": 20, "fields": {"name": "Can view session", "content_type": 5, "codename": "view_session"}}, {"model": "auth.permission", "pk": 21, "fields": {"name": "Can add \u7f51\u7ad9\u914d\u7f6e", "content_type": 6, "codename": "add_webconf"}}, {"model": "auth.permission", "pk": 22, "fields": {"name": "Can change \u7f51\u7ad9\u914d\u7f6e", "content_type": 6, "codename": "change_webconf"}}, {"model": "auth.permission", "pk": 23, "fields": {"name": "Can delete \u7f51\u7ad9\u914d\u7f6e", "content_type": 6, "codename": "delete_webconf"}}, {"model": "auth.permission", "pk": 24, "fields": {"name": "Can view \u7f51\u7ad9\u914d\u7f6e", "content_type": 6, "codename": "view_webconf"}}, {"model": "auth.permission", "pk": 25, "fields": {"name": "Can add \u7528\u6237\u4fe1\u606f", "content_type": 7, "codename": "add_profile"}}, {"model": "auth.permission", "pk": 26, "fields": {"name": "Can change \u7528\u6237\u4fe1\u606f", "content_type": 7, "codename": "change_profile"}}, {"model": "auth.permission", "pk": 27, "fields": {"name": "Can delete \u7528\u6237\u4fe1\u606f", "content_type": 7, "codename": "delete_profile"}}, {"model": "auth.permission", "pk": 28, "fields": {"name": "Can view \u7528\u6237\u4fe1\u606f", "content_type": 7, "codename": "view_profile"}}, {"model": "auth.permission", "pk": 29, "fields": {"name": "Can add \u89d2\u8272", "content_type": 8, "codename": "add_role"}}, {"model": "auth.permission", "pk": 30, "fields": {"name": "Can change \u89d2\u8272", "content_type": 8, "codename": "change_role"}}, {"model": "auth.permission", "pk": 31, "fields": {"name": "Can delete \u89d2\u8272", "content_type": 8, "codename": "delete_role"}}, {"model": "auth.permission", "pk": 32, "fields": {"name": "Can view \u89d2\u8272", "content_type": 8, "codename": "view_role"}}, {"model": "auth.permission", "pk": 33, "fields": {"name": "Can add \u7528\u6237_\u89d2\u8272", "content_type": 9, "codename": "add_userrole"}}, {"model": "auth.permission", "pk": 34, "fields": {"name": "Can change \u7528\u6237_\u89d2\u8272", "content_type": 9, "codename": "change_userrole"}}, {"model": "auth.permission", "pk": 35, "fields": {"name": "Can delete \u7528\u6237_\u89d2\u8272", "content_type": 9, "codename": "delete_userrole"}}, {"model": "auth.permission", "pk": 36, "fields": {"name": "Can view \u7528\u6237_\u89d2\u8272", "content_type": 9, "codename": "view_userrole"}}, {"model": "auth.permission", "pk": 37, "fields": {"name": "Can add \u83dc\u5355", "content_type": 10, "codename": "add_pagemenu"}}, {"model": "auth.permission", "pk": 38, "fields": {"name": "Can change \u83dc\u5355", "content_type": 10, "codename": "change_pagemenu"}}, {"model": "auth.permission", "pk": 39, "fields": {"name": "Can delete \u83dc\u5355", "content_type": 10, "codename": "delete_pagemenu"}}, {"model": "auth.permission", "pk": 40, "fields": {"name": "Can view \u83dc\u5355", "content_type": 10, "codename": "view_pagemenu"}}, {"model": "auth.permission", "pk": 41, "fields": {"name": "Can add \u89d2\u8272_\u83dc\u5355", "content_type": 11, "codename": "add_rolemenu"}}, {"model": "auth.permission", "pk": 42, "fields": {"name": "Can change \u89d2\u8272_\u83dc\u5355", "content_type": 11, "codename": "change_rolemenu"}}, {"model": "auth.permission", "pk": 43, "fields": {"name": "Can delete \u89d2\u8272_\u83dc\u5355", "content_type": 11, "codename": "delete_rolemenu"}}, {"model": "auth.permission", "pk": 44, "fields": {"name": "Can view \u89d2\u8272_\u83dc\u5355", "content_type": 11, "codename": "view_rolemenu"}}, {"model": "auth.permission", "pk": 45, "fields": {"name": "Can add \u6a21\u5757", "content_type": 12, "codename": "add_mod"}}, {"model": "auth.permission", "pk": 46, "fields": {"name": "Can change \u6a21\u5757", "content_type": 12, "codename": "change_mod"}}, {"model": "auth.permission", "pk": 47, "fields": {"name": "Can delete \u6a21\u5757", "content_type": 12, "codename": "delete_mod"}}, {"model": "auth.permission", "pk": 48, "fields": {"name": "Can view \u6a21\u5757", "content_type": 12, "codename": "view_mod"}}, {"model": "auth.permission", "pk": 49, "fields": {"name": "Can add \u83dc\u5355", "content_type": 13, "codename": "add_project"}}, {"model": "auth.permission", "pk": 50, "fields": {"name": "Can change \u83dc\u5355", "content_type": 13, "codename": "change_project"}}, {"model": "auth.permission", "pk": 51, "fields": {"name": "Can delete \u83dc\u5355", "content_type": 13, "codename": "delete_project"}}, {"model": "auth.permission", "pk": 52, "fields": {"name": "Can view \u83dc\u5355", "content_type": 13, "codename": "view_project"}}, {"model": "auth.permission", "pk": 53, "fields": {"name": "Can add \u5e73\u53f0", "content_type": 14, "codename": "add_platform"}}, {"model": "auth.permission", "pk": 54, "fields": {"name": "Can change \u5e73\u53f0", "content_type": 14, "codename": "change_platform"}}, {"model": "auth.permission", "pk": 55, "fields": {"name": "Can delete \u5e73\u53f0", "content_type": 14, "codename": "delete_platform"}}, {"model": "auth.permission", "pk": 56, "fields": {"name": "Can view \u5e73\u53f0", "content_type": 14, "codename": "view_platform"}}, {"model": "auth.permission", "pk": 57, "fields": {"name": "Can add \u95ee\u9898", "content_type": 15, "codename": "add_question"}}, {"model": "auth.permission", "pk": 58, "fields": {"name": "Can change \u95ee\u9898", "content_type": 15, "codename": "change_question"}}, {"model": "auth.permission", "pk": 59, "fields": {"name": "Can delete \u95ee\u9898", "content_type": 15, "codename": "delete_question"}}, {"model": "auth.permission", "pk": 60, "fields": {"name": "Can view \u95ee\u9898", "content_type": 15, "codename": "view_question"}}, {"model": "auth.permission", "pk": 61, "fields": {"name": "Can add question statistics", "content_type": 16, "codename": "add_questionstatistics"}}, {"model": "auth.permission", "pk": 62, "fields": {"name": "Can change question statistics", "content_type": 16, "codename": "change_questionstatistics"}}, {"model": "auth.permission", "pk": 63, "fields": {"name": "Can delete question statistics", "content_type": 16, "codename": "delete_questionstatistics"}}, {"model": "auth.permission", "pk": 64, "fields": {"name": "Can view question statistics", "content_type": 16, "codename": "view_questionstatistics"}}, {"model": "auth.permission", "pk": 65, "fields": {"name": "Can add \u95ee\u9898\u7edf\u8ba1", "content_type": 17, "codename": "add_questionstatistics"}}, {"model": "auth.permission", "pk": 66, "fields": {"name": "Can change \u95ee\u9898\u7edf\u8ba1", "content_type": 17, "codename": "change_questionstatistics"}}, {"model": "auth.permission", "pk": 67, "fields": {"name": "Can delete \u95ee\u9898\u7edf\u8ba1", "content_type": 17, "codename": "delete_questionstatistics"}}, {"model": "auth.permission", "pk": 68, "fields": {"name": "Can view \u95ee\u9898\u7edf\u8ba1", "content_type": 17, "codename": "view_questionstatistics"}}, {"model": "auth.permission", "pk": 69, "fields": {"name": "Can add \u8003\u8bd5\u4fe1\u606f", "content_type": 18, "codename": "add_examinationinfo"}}, {"model": "auth.permission", "pk": 70, "fields": {"name": "Can change \u8003\u8bd5\u4fe1\u606f", "content_type": 18, "codename": "change_examinationinfo"}}, {"model": "auth.permission", "pk": 71, "fields": {"name": "Can delete \u8003\u8bd5\u4fe1\u606f", "content_type": 18, "codename": "delete_examinationinfo"}}, {"model": "auth.permission", "pk": 72, "fields": {"name": "Can view \u8003\u8bd5\u4fe1\u606f", "content_type": 18, "codename": "view_examinationinfo"}}, {"model": "auth.permission", "pk": 73, "fields": {"name": "Can add \u8bd5\u9898\u4fe1\u606f", "content_type": 19, "codename": "add_questioninfo"}}, {"model": "auth.permission", "pk": 74, "fields": {"name": "Can change \u8bd5\u9898\u4fe1\u606f", "content_type": 19, "codename": "change_questioninfo"}}, {"model": "auth.permission", "pk": 75, "fields": {"name": "Can delete \u8bd5\u9898\u4fe1\u606f", "content_type": 19, "codename": "delete_questioninfo"}}, {"model": "auth.permission", "pk": 76, "fields": {"name": "Can view \u8bd5\u9898\u4fe1\u606f", "content_type": 19, "codename": "view_questioninfo"}}, {"model": "auth.permission", "pk": 77, "fields": {"name": "Can add \u8bd5\u9898\u9009\u9879\u4fe1\u606f", "content_type": 20, "codename": "add_optioninfo"}}, {"model": "auth.permission", "pk": 78, "fields": {"name": "Can change \u8bd5\u9898\u9009\u9879\u4fe1\u606f", "content_type": 20, "codename": "change_optioninfo"}}, {"model": "auth.permission", "pk": 79, "fields": {"name": "Can delete \u8bd5\u9898\u9009\u9879\u4fe1\u606f", "content_type": 20, "codename": "delete_optioninfo"}}, {"model": "auth.permission", "pk": 80, "fields": {"name": "Can view \u8bd5\u9898\u9009\u9879\u4fe1\u606f", "content_type": 20, "codename": "view_optioninfo"}}, {"model": "auth.permission", "pk": 81, "fields": {"name": "Can add \u8003\u8bd5\u4fe1\u606f", "content_type": 21, "codename": "add_examinationinfoquestioninfoprofile"}}, {"model": "auth.permission", "pk": 82, "fields": {"name": "Can change \u8003\u8bd5\u4fe1\u606f", "content_type": 21, "codename": "change_examinationinfoquestioninfoprofile"}}, {"model": "auth.permission", "pk": 83, "fields": {"name": "Can delete \u8003\u8bd5\u4fe1\u606f", "content_type": 21, "codename": "delete_examinationinfoquestioninfoprofile"}}, {"model": "auth.permission", "pk": 84, "fields": {"name": "Can view \u8003\u8bd5\u4fe1\u606f", "content_type": 21, "codename": "view_examinationinfoquestioninfoprofile"}}, {"model": "auth.group", "pk": 1, "fields": {"name": "\u7535\u5b50\u652f\u4ed8", "permissions": [25, 26, 27, 28, 21, 22, 23, 24, 1, 2, 3, 4, 9, 10, 11, 12, 5, 6, 7, 8, 13, 14, 15, 16, 17, 18, 19, 20]}}, {"model": "auth.group", "pk": 2, "fields": {"name": "\u9884\u7b97\u6267\u884c\u7edf\u8ba1", "permissions": [9, 10, 12]}}, {"model": "auth.group", "pk": 7, "fields": {"name": "\u6d4b\u8bd5\u89d2\u8272", "permissions": []}}, {"model": "accounts.profile", "pk": 1, "fields": {"password": "pbkdf2_sha256$180000$zdNuWSY5fx4v$0xH+9hsZWCJJoLvAneGcGXzTVtpI6P5aRv8Ggs7cAas=", "last_login": "2020-05-21T14:53:22.450", "is_superuser": true, "username": "843636329", "first_name": "", "last_name": "", "email": "843636329@qq.com", "is_staff": true, "is_active": true, "date_joined": "2020-05-15T18:54:07.046", "moblie": "293", "status": "1", "name": "\u5f20\u5b87", "groups": [1], "user_permissions": []}}, {"model": "accounts.profile", "pk": 2, "fields": {"password": "pbkdf2_sha256$180000$bRiLL0IHWSqE$sp0eEYam3nZhfNogUqntTaqwe7C1+Nmqfmn+Y3zmjUw=", "last_login": "2020-05-19T02:53:50.560", "is_superuser": false, "username": "test", "first_name": "", "last_name": "", "email": "testss", "is_staff": false, "is_active": true, "date_joined": "2020-05-15T20:06:12.801", "moblie": "test", "status": "1", "name": "test", "groups": [2], "user_permissions": []}}, {"model": "accounts.profile", "pk": 3, "fields": {"password": "pbkdf2_sha256$150000$tPPOw81NMAHD$bp9biLQGQkHc1LcbroJjPzwH1TKlCbPtjedDwfq5IaQ=", "last_login": null, "is_superuser": false, "username": "test123", "first_name": "", "last_name": "", "email": "test123", "is_staff": false, "is_active": true, "date_joined": "2020-05-15T20:06:28.393", "moblie": "test123", "status": "1", "name": "test123", "groups": [2], "user_permissions": []}}, {"model": "accounts.profile", "pk": 4, "fields": {"password": "pbkdf2_sha256$150000$8W6KYuKMCjNW$Tervwe4fDjRmWfFxzH2UYvL35maRrKeuviKEXBp8HMY=", "last_login": "2020-05-18T20:35:01.915", "is_superuser": false, "username": "test12", "first_name": "", "last_name": "", "email": "test12", "is_staff": false, "is_active": true, "date_joined": "2020-05-15T20:06:33.466", "moblie": "test12", "status": "1", "name": "test12", "groups": [1], "user_permissions": []}}, {"model": "accounts.profile", "pk": 9, "fields": {"password": "!dAhs68rTEJiPcPTcEsdK8L490XUKmtnzQW4x5GeP", "last_login": null, "is_superuser": false, "username": "test1234", "first_name": "", "last_name": "", "email": "test1234", "is_staff": false, "is_active": true, "date_joined": "2020-05-16T09:41:41.341", "moblie": "test1234", "status": "1", "name": "test1234", "groups": [1], "user_permissions": []}}, {"model": "accounts.profile", "pk": 10, "fields": {"password": "!llJiGTtzUw05IcoirICOrG1FzBmhfKYKc7jyvJzf", "last_login": null, "is_superuser": false, "username": "success", "first_name": "", "last_name": "", "email": "success", "is_staff": false, "is_active": true, "date_joined": "2020-05-16T09:43:33.110", "moblie": "success", "status": "1", "name": "success", "groups": [2], "user_permissions": []}}, {"model": "accounts.profile", "pk": 11, "fields": {"password": "!ZBdYXa8SQu44I8ybBEHRw1eTQuIPHaVyqBYNMeqn", "last_login": null, "is_superuser": false, "username": "\u6d4b\u8bd5\u8d26\u53f7", "first_name": "", "last_name": "", "email": "tes", "is_staff": false, "is_active": true, "date_joined": "2020-05-18T05:52:56.701", "moblie": "tet", "status": "1", "name": "test", "groups": [1], "user_permissions": []}}, {"model": "accounts.profile", "pk": 12, "fields": {"password": "pbkdf2_sha256$180000$HJl19S1pxHXU$4Rt+YSpc5Ga55PGZ6bxfscSz+61tZxSvEeAcIfWH0Y4=", "last_login": "2020-05-19T19:53:20.673", "is_superuser": false, "username": "843636329@qq.com", "first_name": "", "last_name": "", "email": "843636329@qq.com", "is_staff": false, "is_active": true, "date_joined": "2020-05-19T19:53:20.409", "moblie": "843636329@qq.com", "status": "1", "name": "\u5f20\u6708", "groups": [1], "user_permissions": []}}, {"model": "accounts.profile", "pk": 13, "fields": {"password": "pbkdf2_sha256$180000$GKeH9oulx0w6$ykPUvcE4dmx7eGDnEyQjNOpyM+1CH83qlWNEvtXHIq8=", "last_login": "2020-05-19T19:55:28.018", "is_superuser": false, "username": "\u6d4b\u8bd51", "first_name": "", "last_name": "", "email": "843636329@qq.com", "is_staff": false, "is_active": true, "date_joined": "2020-05-19T19:55:27.788", "moblie": "843636329@qq.com", "status": "1", "name": "\u6d4b\u8bd51", "groups": [1], "user_permissions": []}}, {"model": "accounts.profile", "pk": 14, "fields": {"password": "pbkdf2_sha256$180000$B3WeTsXA8aQM$Ymu3L1+3U4ORECzfGNSMD18kLjE39XZrBkbpeIuS350=", "last_login": null, "is_superuser": false, "username": "ceshizhanghao", "first_name": "", "last_name": "", "email": "843636329@qq.com", "is_staff": false, "is_active": true, "date_joined": "2020-05-19T19:57:10.349", "moblie": "843636329@qq.com", "status": "1", "name": "ceshizhanghao", "groups": [1], "user_permissions": []}}, {"model": "accounts.profile", "pk": 15, "fields": {"password": "pbkdf2_sha256$180000$W2eX43tcByaH$jBr/7iLMKdapjeTFexnTBchnn4rQ0AZEoSRiBh85YD4=", "last_login": null, "is_superuser": false, "username": "ceshizhanghao1", "first_name": "", "last_name": "", "email": "843636329@qq.com", "is_staff": false, "is_active": true, "date_joined": "2020-05-19T19:57:18.712", "moblie": "843636329@qq.com", "status": "1", "name": "ceshizhanghao1", "groups": [1], "user_permissions": []}}, {"model": "accounts.profile", "pk": 16, "fields": {"password": "pbkdf2_sha256$180000$ZmS1F0xbWArX$r372KzLV7G44a906NrwPfEcN0S7SvoS+zZsTPXsVces=", "last_login": "2020-05-19T19:57:45.302", "is_superuser": false, "username": "ceshizhanghao2", "first_name": "", "last_name": "", "email": "843636329@qq.com", "is_staff": false, "is_active": true, "date_joined": "2020-05-19T19:57:45.057", "moblie": "843636329@qq.com", "status": "1", "name": "ceshizhanghao2", "groups": [1], "user_permissions": []}}, {"model": "accounts.profile", "pk": 17, "fields": {"password": "pbkdf2_sha256$180000$amnMfNgMJjUz$/8MCBkoZeqIl/q2MNCV51rJ5NNX9m5qKHG/DY0ip8+o=", "last_login": null, "is_superuser": false, "username": "ceshizhanghao3", "first_name": "", "last_name": "", "email": "843636329@qq.com", "is_staff": false, "is_active": true, "date_joined": "2020-05-19T19:58:47.682", "moblie": "843636329@qq.com", "status": "1", "name": "ceshizhanghao3", "groups": [1], "user_permissions": []}}, {"model": "accounts.profile", "pk": 18, "fields": {"password": "pbkdf2_sha256$180000$u4Fs6JAmIUiv$e3Ejotmy/DHKqg4FVf75Gq27Mgnwu8QwGIeu5J8jjDM=", "last_login": "2020-05-19T20:00:08.958", "is_superuser": false, "username": "ceshizhanghao4", "first_name": "", "last_name": "", "email": "843636329@qq.com", "is_staff": false, "is_active": true, "date_joined": "2020-05-19T20:00:08.699", "moblie": "843636329@qq.com", "status": "1", "name": "ceshizhanghao4", "groups": [1], "user_permissions": []}}, {"model": "accounts.profile", "pk": 19, "fields": {"password": "pbkdf2_sha256$180000$pnjd95Tl1kd1$QpoA0DR+RLpDyCbYMhZaBBUu/Kd2j4psqvGO9A67qAw=", "last_login": "2020-05-19T20:11:19.278", "is_superuser": false, "username": "iiwowowoow", "first_name": "", "last_name": "", "email": "843636329@qq.com", "is_staff": false, "is_active": true, "date_joined": "2020-05-19T20:03:50.418", "moblie": "843636329@qq.com", "status": "1", "name": "iiwowowoow", "groups": [1], "user_permissions": []}}, {"model": "accounts.userrole", "pk": 1, "fields": {"userid": 1, "roleid": 1}}, {"model": "accounts.userrole", "pk": 2, "fields": {"userid": 2, "roleid": 2}}, {"model": "accounts.userrole", "pk": 3, "fields": {"userid": 3, "roleid": 2}}, {"model": "accounts.userrole", "pk": 4, "fields": {"userid": 4, "roleid": 4}}, {"model": "accounts.userrole", "pk": 5, "fields": {"userid": 10, "roleid": 2}}, {"model": "accounts.userrole", "pk": 6, "fields": {"userid": 11, "roleid": 1}}, {"model": "accounts.userrole", "pk": 7, "fields": {"userid": 16, "roleid": 2}}, {"model": "accounts.userrole", "pk": 8, "fields": {"userid": 18, "roleid": 2}}, {"model": "accounts.userrole", "pk": 9, "fields": {"userid": 19, "roleid": 2}}, {"model": "system_manager.project", "pk": 1, "fields": {"name": "\u5175\u56e2\u4e00\u4f53\u5316\u5e73\u53f0---\u6d4b\u8bd5", "show": "\u5175\u56e2\u8d22\u653f\u4e00\u4f53\u5316\u5e73\u53f0\u6d4b\u8bd5\u7aef", "platform": 1, "user": 1, "role": 1, "createtime": "2020-05-16T13:37:39"}}, {"model": "exam_online.questioninfo", "pk": 1, "fields": {"name": "\u5e73\u53f0\u65e0\u6cd5\u767b\u9646", "mod": 1, "score": 2, "tq_type": 0, "is_share": false, "user": 1, "create_time": "2020-05-21T02:21:00"}}, {"model": "question_manage.question", "pk": 1, "fields": {"name": "failure", "dept": "failure", "user": 1, "project": 1, "mod": 1, "show": "failure", "status": 2, "successinfo": "", "successtime": "2020-05-18T07:02:21.006", "createtime": "2020-05-16T17:10:46.555"}}, {"model": "question_manage.question", "pk": 2, "fields": {"name": "failure", "dept": "failure", "user": 1, "project": 1, "mod": 1, "show": "failure", "status": 2, "successinfo": "", "successtime": "2020-05-19T02:54:21.094", "createtime": "2020-05-16T17:10:46.555"}}, {"model": "question_manage.question", "pk": 3, "fields": {"name": "failure", "dept": "failure", "user": 1, "project": 1, "mod": 1, "show": "failure", "status": 2, "successinfo": "", "successtime": "2020-05-17T08:25:30.400", "createtime": "2020-05-16T17:10:46.555"}}, {"model": "question_manage.question", "pk": 4, "fields": {"name": "data['status'] = 1", "dept": "data['status'] = 1", "user": 1, "project": 1, "mod": 1, "show": "data['status'] = 1", "status": 2, "successinfo": "", "successtime": "2020-05-18T16:56:59.936", "createtime": "2020-05-16T17:19:20.647"}}, {"model": "question_manage.question", "pk": 5, "fields": {"name": "sss", "dept": "sss", "user": 1, "project": 1, "mod": 1, "show": "sss", "status": 2, "successinfo": "", "successtime": "2020-05-19T08:29:05.300", "createtime": "2020-05-16T17:19:20.647"}}, {"model": "question_manage.question", "pk": 6, "fields": {"name": "sss", "dept": "sss", "user": 1, "project": 1, "mod": 1, "show": "sss", "status": 2, "successinfo": "", "successtime": "2020-05-18T16:59:29.744", "createtime": "2020-05-16T17:19:20.647"}}, {"model": "question_manage.question", "pk": 7, "fields": {"name": "title:\"\u6ce8\u518c\u6210\u529f\uff01\u6b63\u5728\u8df3\u8f6c\u81f3\u9996\u9875\"", "dept": "title:\"\u6ce8\u518c\u6210\u529f\uff01\u6b63\u5728\u8df3\u8f6c\u81f3\u9996\u9875\"", "user": 1, "project": 1, "mod": 1, "show": "title:\"\u6ce8\u518c\u6210\u529f\uff01\u6b63\u5728\u8df3\u8f6c\u81f3\u9996\u9875\"", "status": 2, "successinfo": "", "successtime": "2020-05-18T17:01:31.057", "createtime": "2020-05-16T17:19:20.647"}}, {"model": "question_manage.question", "pk": 8, "fields": {"name": "title:\"\u6ce8\u518c\u6210\u529f\uff01\u6b63\u5728\u8df3\u8f6c\u81f3\u9996\u9875\"", "dept": "title:\"\u6ce8\u518c\u6210\u529f\uff01\u6b63\u5728\u8df3\u8f6c\u81f3\u9996\u9875\"", "user": 1, "project": 1, "mod": 1, "show": "### markdown\u6d4b\u8bd5\n```\n\u6d4b\u8bd5\n```\n|test|test|\n|---|---|\n|test|test|", "status": 2, "successinfo": "", "successtime": "2020-05-18T17:00:08.240", "createtime": "2020-05-16T17:19:20.647"}}, {"model": "question_manage.question", "pk": 9, "fields": {"name": "ssdasda", "dept": "asdasda", "user": 1, "project": 1, "mod": 1, "show": "### markdown\u6d4b\u8bd5\n```\n\u6d4b\u8bd5\n```\n|test|test|\n|---|---|\n|test|test|", "status": 2, "successinfo": "", "successtime": "2020-05-18T16:58:00.207", "createtime": "2020-05-16T17:19:20.647"}}, {"model": "question_manage.question", "pk": 10, "fields": {"name": "\u6d4b\u8bd5\u6d4b\u8bd5", "dept": "\u6d4b\u8bd5\u6d4b\u8bd5", "user": 1, "project": 1, "mod": 1, "show": "\u6d4b\u8bd5\u6d4b\u8bd5", "status": 2, "successinfo": "", "successtime": "2020-05-19T10:50:36.373", "createtime": "2020-05-17T11:42:20.364"}}, {"model": "question_manage.question", "pk": 11, "fields": {"name": "conn", "dept": "conn", "user": 1, "project": 1, "mod": 1, "show": "conn", "status": 2, "successinfo": "", "successtime": "2020-05-18T16:59:02.016", "createtime": "2020-05-17T11:43:27.983"}}, {"model": "question_manage.question", "pk": 12, "fields": {"name": "request.POST['user']", "dept": "request.POST['user']", "user": 1, "project": 1, "mod": 1, "show": "request.POST['user']", "status": 0, "successinfo": null, "successtime": null, "createtime": "2020-05-17T11:44:32.804"}}, {"model": "question_manage.question", "pk": 13, "fields": {"name": "\u6d88\u606f\u6d4b\u8bd5", "dept": "\u6d88\u606f\u6d4b\u8bd5", "user": 1, "project": 1, "mod": 1, "show": "\u6d88\u606f\u6d4b\u8bd5", "status": 0, "successinfo": null, "successtime": null, "createtime": "2020-05-17T12:06:03.910"}}, {"model": "question_manage.question", "pk": 14, "fields": {"name": "\u6d88\u606f\u6d4b\u8bd51", "dept": "\u6d88\u606f\u6d4b\u8bd51", "user": 1, "project": 1, "mod": 1, "show": "\u6d88\u606f\u6d4b\u8bd51", "status": 2, "successinfo": "", "successtime": "2020-05-18T17:07:55.673", "createtime": "2020-05-17T12:06:03.910"}}, {"model": "question_manage.question", "pk": 15, "fields": {"name": "\u6d4b\u8bd5\u6d88\u606f123", "dept": "\u6d4b\u8bd5\u6d88\u606f123", "user": 1, "project": 1, "mod": 1, "show": "\u6d4b\u8bd5\u6d88\u606f123", "status": 2, "successinfo": "", "successtime": "2020-05-19T08:31:15.327", "createtime": "2020-05-17T12:12:42.528"}}, {"model": "question_manage.question", "pk": 16, "fields": {"name": "\u6d4b\u8bd5\u6d88\u606f1233", "dept": "\u6d4b\u8bd5\u6d88\u606f1233", "user": 1, "project": 1, "mod": 1, "show": "\u6d4b\u8bd5\u6d88\u606f1233", "status": 2, "successinfo": "", "successtime": "2020-05-19T10:50:59.786", "createtime": "2020-05-17T12:12:42.528"}}, {"model": "question_manage.question", "pk": 17, "fields": {"name": "\u95ee\u9898\u66f4\u65b0\u8bb0\u5f55", "dept": "\u95ee\u9898\u66f4\u65b0\u8bb0\u5f55", "user": 1, "project": 1, "mod": 1, "show": "# \u7cfb\u7edf\u73af\u5883\u8bf4\u660e\r\n|\u6570\u636e\u5e93|\u524d\u7aef\u5e94\u7528\u7a0b\u5e8f|\u540e\u7aef\u5e94\u7528\u7a0b\u5e8f|\u6587\u7ae0\u7f16\u8f91\u5668|\r\n|---|---|---|---|\r\n|sqlite3|layui|python+django|Markdown\r\n|redis|||||\r\n# \u9879\u76ee\u7ba1\u7406\u5e73\u53f0\u66f4\u65b0\u8bb0\u5f55\r\n### 20200520 ver 0.34\r\n```\r\n\u65b0\u589e\u8003\u8bd5\u7cfb\u7edf\r\n\u8bbe\u8ba1\u8003\u8bd5\u7cfb\u7edf\u6570\u636e\u5e93\r\n\u8003\u8bd5\u7cfb\u7edf\u5173\u8054orm\r\nConsole \u66f4\u65b0\u663e\u793a\u5f53\u5929\u5b9e\u65f6\u4fe1\u606f\r\n\u4f18\u5316\u5217\u8868\u663e\u793a\uff0c\u65b0\u589e\u5206\u9875\u63a7\u5236\r\n\u4fee\u590dQuestionStatistics\u8bfb\u53d6\u9519\u8bef\u95ee\u9898\r\n```\r\n## 20200519 ver 0.28\r\n```\r\n\u65b0\u589eConsole\u529f\u80fd\r\n\u5b8c\u5584\u95ee\u9898\u7ba1\u7406\u53ca\u95ee\u9898\u5206\u7c7b\r\n\u5347\u7ea7\u56fe\u6807\u4fee\u6539\r\n\u65b0\u589e\u56fe\u7247\u4e0a\u4f20\u529f\u80fd\r\n\u90ae\u7bb1\u5347\u7ea7\u4e3a\u52a0\u5bc6\u53d1\u9001\r\n```\r\n## 20200518 ver 0.23\r\n```\r\n\u4fee\u590d\u6d88\u606f\u63d0\u793a\u9519\u4f4d\r\n\u4fee\u590d\u5c4f\u5e55\u8fc7\u5c0f\u95ee\u9898\u663e\u793a\u4e0d\u5168\r\n\u65b0\u589e\u90ae\u4ef6\u53d1\u9001\u529f\u80fd\r\n\u65b0\u589e\u5c97\u4f4d\u83dc\u5355\u7ba1\u7406\u529f\u80fd\r\n```\r\n## 20200517 ver 0.19\r\n```\r\n\u5f00\u53d1\u95ee\u9898\u63d0\u4ea4\u76f8\u5173\u6a21\u5757\r\n\u65b0\u589e\u95ee\u9898\u5173\u8054\u7528\u6237\r\n\u65b0\u589e\u6d88\u606f\u63d0\u793a\u529f\u80fd\r\n```\r\n## 20200516 ver 0.16\r\n```\r\n\u5f00\u53d1\u7cfb\u7edf\u7ba1\u7406\u76f8\u5173\u6a21\u5757\r\n\u5f00\u53d1\u83dc\u5355\u76f8\u5173\u6a21\u5757\r\n```\r\n## 20200515 ver 0.14\r\n```\r\n\u65b0\u5efa\u9879\u76ee\u7ba1\u7406\u7cfb\u7edf\r\n\u5f00\u53d1\u57fa\u7840\u529f\u80fd\r\n\u8bbe\u8ba1\u6570\u636e\u8868\r\n\u5173\u8054orm\r\n```", "status": 2, "successinfo": "success", "successtime": "2020-05-18T13:54:00", "createtime": "2020-05-18T13:44:00"}}, {"model": "question_manage.question", "pk": 18, "fields": {"name": "\u6d4b\u8bd5\u90ae\u4ef6\u53d1\u9001", "dept": "\u6d4b\u8bd5\u90ae\u4ef6\u53d1\u9001", "user": 1, "project": 1, "mod": 1, "show": "\u6d4b\u8bd5\u90ae\u4ef6\u53d1\u9001", "status": 2, "successinfo": "", "successtime": "2020-05-18T17:09:32.232", "createtime": "2020-05-18T16:47:00.985"}}, {"model": "question_manage.question", "pk": 19, "fields": {"name": "\u6d4b\u8bd5\u90ae\u4ef6\u53d1\u90012", "dept": "\u6d4b\u8bd5\u90ae\u4ef6\u53d1\u90012", "user": 1, "project": 1, "mod": 1, "show": "\u6d4b\u8bd5\u90ae\u4ef6\u53d1\u90012", "status": 0, "successinfo": null, "successtime": null, "createtime": "2020-05-18T16:47:59.815"}}, {"model": "question_manage.question", "pk": 20, "fields": {"name": "\u6d4b\u8bd5\u90ae\u4ef6\u53d1\u90013", "dept": "\u6d4b\u8bd5\u90ae\u4ef6\u53d1\u90013", "user": 1, "project": 1, "mod": 1, "show": "\u6d4b\u8bd5\u90ae\u4ef6\u53d1\u90013", "status": 0, "successinfo": null, "successtime": null, "createtime": "2020-05-18T16:48:57.717"}}, {"model": "question_manage.question", "pk": 21, "fields": {"name": "user.name", "dept": "user.name", "user": 1, "project": 1, "mod": 1, "show": "user.name", "status": 2, "successinfo": "", "successtime": "2020-05-19T08:31:19.762", "createtime": "2020-05-18T16:49:49.529"}}, {"model": "question_manage.question", "pk": 22, "fields": {"name": "\u7535\u5b50\u652f\u4ed8\u65e0\u6cd5\u4e0a\u4f20\u9644\u4ef6", "dept": "\u9884\u7b97\u6267\u884c", "user": 1, "project": 1, "mod": 1, "show": "## \u7535\u5b50\u652f\u4ed8\u529f\u80fd\u65e0\u6cd5\u4e0a\u4f20\u9644\u4ef6", "status": 2, "successinfo": "success", "successtime": "2020-05-18T17:04:23.617", "createtime": "2020-05-18T17:01:27.610"}}, {"model": "question_manage.question", "pk": 23, "fields": {"name": "\u95ee\u9898\u90ae\u4ef6\u6d4b\u8bd5", "dept": "\u95ee\u9898\u90ae\u4ef6\u6d4b\u8bd5", "user": 1, "project": 1, "mod": 1, "show": "\u95ee\u9898\u90ae\u4ef6\u6d4b\u8bd5", "status": 0, "successinfo": null, "successtime": null, "createtime": "2020-05-19T02:37:19.968"}}, {"model": "question_manage.question", "pk": 24, "fields": {"name": "zpz843636329@163.com", "dept": "zpz843636329@163.com", "user": 1, "project": 1, "mod": 1, "show": "zpz843636329@163.com", "status": 0, "successinfo": null, "successtime": null, "createtime": "2020-05-19T02:40:54.278"}}, {"model": "question_manage.question", "pk": 25, "fields": {"name": "zpz843636329@163.com", "dept": "zpz843636329@163.com", "user": 1, "project": 1, "mod": 1, "show": "zpz843636329@163.com", "status": 0, "successinfo": null, "successtime": null, "createtime": "2020-05-19T02:41:22.149"}}, {"model": "question_manage.question", "pk": 26, "fields": {"name": "zpz843636329@163.com", "dept": "zpz843636329@163.com", "user": 1, "project": 1, "mod": 1, "show": "zpz843636329@163.com", "status": 2, "successinfo": "", "successtime": "2020-05-19T08:31:23.546", "createtime": "2020-05-19T02:44:51.275"}}, {"model": "question_manage.question", "pk": 27, "fields": {"name": "zpz843636329@163.com", "dept": "zpz843636329@163.com", "user": 1, "project": 1, "mod": 1, "show": "zpz843636329@163.com", "status": 0, "successinfo": null, "successtime": null, "createtime": "2020-05-19T02:44:51.275"}}, {"model": "question_manage.question", "pk": 28, "fields": {"name": "zpz843636329@163.com", "dept": "zpz843636329@163.com", "user": 1, "project": 1, "mod": 1, "show": "zpz843636329@163.com", "status": 0, "successinfo": null, "successtime": null, "createtime": "2020-05-19T02:46:17.702"}}, {"model": "question_manage.question", "pk": 29, "fields": {"name": "587", "dept": "587", "user": 1, "project": 1, "mod": 1, "show": "587 ", "status": 0, "successinfo": null, "successtime": null, "createtime": "2020-05-19T02:46:17.702"}}, {"model": "question_manage.question", "pk": 30, "fields": {"name": "pearOper.loadRemove(1000);", "dept": "pearOper.loadRemove(1000);", "user": 1, "project": 1, "mod": 1, "show": "pearOper.loadRemove(1000);", "status": 2, "successinfo": "", "successtime": "2020-05-19T08:31:27.415", "createtime": "2020-05-19T02:46:17.702"}}, {"model": "question_manage.question", "pk": 31, "fields": {"name": "pearOper.loadRemove(1000);", "dept": "pearOper.loadRemove(1000);", "user": 1, "project": 1, "mod": 1, "show": "pearOper.loadRemove(1000);", "status": 0, "successinfo": null, "successtime": null, "createtime": "2020-05-19T02:46:17.702"}}, {"model": "question_manage.question", "pk": 32, "fields": {"name": "layer.close(loading);", "dept": "layer.close(loading);", "user": 1, "project": 1, "mod": 1, "show": "layer.close(loading);", "status": 0, "successinfo": null, "successtime": null, "createtime": "2020-05-19T02:46:17.702"}}, {"model": "question_manage.question", "pk": 33, "fields": {"name": "show", "dept": "show", "user": 1, "project": 1, "mod": 1, "show": "show", "status": 0, "successinfo": null, "successtime": null, "createtime": "2020-05-19T02:46:17.702"}}, {"model": "question_manage.question", "pk": 34, "fields": {"name": "\u8428\u8fbe", "dept": "\u8428\u8fbe", "user": 1, "project": 1, "mod": 1, "show": "\u8428\u8fbe", "status": 0, "successinfo": null, "successtime": null, "createtime": "2020-05-19T02:46:17.702"}}, {"model": "question_manage.question", "pk": 35, "fields": {"name": "\u8428\u8fbe", "dept": "\u8428\u8fbe", "user": 1, "project": 1, "mod": 1, "show": "\u8428\u8fbe", "status": 0, "successinfo": null, "successtime": null, "createtime": "2020-05-19T02:46:17.702"}}, {"model": "question_manage.question", "pk": 36, "fields": {"name": "textarea", "dept": "textarea", "user": 1, "project": 1, "mod": 1, "show": "textarea", "status": 0, "successinfo": null, "successtime": null, "createtime": "2020-05-19T02:46:17.702"}}, {"model": "question_manage.question", "pk": 37, "fields": {"name": "show", "dept": "show", "user": 1, "project": 1, "mod": 1, "show": "show", "status": 0, "successinfo": null, "successtime": null, "createtime": "2020-05-19T02:46:17.702"}}, {"model": "question_manage.question", "pk": 38, "fields": {"name": "document.getElementById(\"user1\").value=\"\";", "dept": "document.getElementById(\"user1\").value=\"\";", "user": 1, "project": 1, "mod": 1, "show": "document.getElementById(\"user1\").value=\"\";", "status": 0, "successinfo": null, "successtime": null, "createtime": "2020-05-19T02:46:17.702"}}, {"model": "question_manage.question", "pk": 39, "fields": {"name": "$('#show').val()", "dept": "$('#show').val()", "user": 1, "project": 1, "mod": 1, "show": "$('#show').val()", "status": 0, "successinfo": null, "successtime": null, "createtime": "2020-05-19T02:46:17.702"}}, {"model": "question_manage.question", "pk": 40, "fields": {"name": "url", "dept": "url", "user": 1, "project": 1, "mod": 1, "show": "url", "status": 0, "successinfo": null, "successtime": null, "createtime": "2020-05-19T03:35:29.282"}}, {"model": "question_manage.question", "pk": 41, "fields": {"name": "\u6d4b\u8bd5", "dept": "\u6d4b\u8bd5", "user": 1, "project": 1, "mod": 1, "show": "![](/media//202005/2020-05-19043522195219351589017450_.pic_hd.jpg)\n\n```bash\n(base) tangchaolizideMacBook-Pro:~ tangchaolizi$ dir\n-bash: dir: command not found\n(base) tangchaolizideMacBook-Pro:~ tangchaolizi$ \n```", "status": 0, "successinfo": null, "successtime": null, "createtime": "2020-05-19T04:31:59.910"}}, {"model": "question_manage.question", "pk": 42, "fields": {"name": "test", "dept": "test", "user": 1, "project": 1, "mod": 1, "show": "test", "status": 0, "successinfo": null, "successtime": null, "createtime": "2020-05-19T05:46:38.907"}}, {"model": "question_manage.question", "pk": 43, "fields": {"name": "day_flash", "dept": "day_flash", "user": 1, "project": 1, "mod": 1, "show": "day_flash", "status": 0, "successinfo": null, "successtime": null, "createtime": "2020-05-19T08:30:08.810"}}, {"model": "question_manage.question", "pk": 44, "fields": {"name": "te", "dept": "te", "user": 2, "project": 1, "mod": 1, "show": "te", "status": 0, "successinfo": null, "successtime": null, "createtime": "2020-05-19T10:17:01.696"}}, {"model": "question_manage.question", "pk": 45, "fields": {"name": "\u6d4b\u8bd5\u65f6\u533a", "dept": "\u6d4b\u8bd5\u65f6\u533a", "user": 1, "project": 1, "mod": 1, "show": "\u6d4b\u8bd5\u65f6\u533a\u6d4b\u8bd5\u65f6\u533a", "status": 0, "successinfo": null, "successtime": null, "createtime": "2020-05-19T18:56:36.998"}}, {"model": "question_manage.question", "pk": 46, "fields": {"name": "\u683c\u5f0f\u663e\u793a\u9519\u8bef\u4e0b\u79fb", "dept": "\u683c\u5f0f\u663e\u793a\u9519\u8bef\u4e0b\u79fb", "user": 1, "project": 1, "mod": 1, "show": "\u683c\u5f0f\u663e\u793a\u9519\u8bef\u4e0b\u79fb", "status": 0, "successinfo": null, "successtime": null, "createtime": "2020-05-19T19:21:34.171"}}, {"model": "question_manage.question", "pk": 47, "fields": {"name": "test", "dept": "test", "user": 1, "project": 1, "mod": 1, "show": "test", "status": 0, "successinfo": null, "successtime": null, "createtime": "2020-05-21T14:56:46.938"}}, {"model": "admin.logentry", "pk": 1, "fields": {"action_time": "2020-05-15T20:36:39.898", "user": 1, "content_type": 3, "object_id": "1", "object_repr": "\u8d22\u7fd4", "action_flag": 1, "change_message": "[{\"added\": {}}]"}}, {"model": "admin.logentry", "pk": 2, "fields": {"action_time": "2020-05-15T20:37:13.644", "user": 1, "content_type": 3, "object_id": "2", "object_repr": "\u7ea2\u8054", "action_flag": 1, "change_message": "[{\"added\": {}}]"}}, {"model": "admin.logentry", "pk": 3, "fields": {"action_time": "2020-05-16T07:54:32.848", "user": 1, "content_type": 8, "object_id": "1", "object_repr": "Role object (1)", "action_flag": 1, "change_message": "[{\"added\": {}}]"}}, {"model": "admin.logentry", "pk": 4, "fields": {"action_time": "2020-05-16T07:54:41.303", "user": 1, "content_type": 8, "object_id": "2", "object_repr": "Role object (2)", "action_flag": 1, "change_message": "[{\"added\": {}}]"}}, {"model": "admin.logentry", "pk": 5, "fields": {"action_time": "2020-05-16T07:54:56.760", "user": 1, "content_type": 8, "object_id": "3", "object_repr": "Role object (3)", "action_flag": 1, "change_message": "[{\"added\": {}}]"}}, {"model": "admin.logentry", "pk": 6, "fields": {"action_time": "2020-05-16T07:55:04.190", "user": 1, "content_type": 8, "object_id": "4", "object_repr": "Role object (4)", "action_flag": 1, "change_message": "[{\"added\": {}}]"}}, {"model": "admin.logentry", "pk": 7, "fields": {"action_time": "2020-05-16T08:02:07.712", "user": 1, "content_type": 10, "object_id": "1", "object_repr": "PageMenu object (1)", "action_flag": 1, "change_message": "[{\"added\": {}}]"}}, {"model": "admin.logentry", "pk": 8, "fields": {"action_time": "2020-05-16T08:02:21.329", "user": 1, "content_type": 10, "object_id": "1", "object_repr": "PageMenu object (1)", "action_flag": 2, "change_message": "[{\"changed\": {\"fields\": [\"href\"]}}]"}}, {"model": "admin.logentry", "pk": 9, "fields": {"action_time": "2020-05-16T08:05:00.426", "user": 1, "content_type": 10, "object_id": "1", "object_repr": "PageMenu object (1)", "action_flag": 2, "change_message": "[{\"changed\": {\"fields\": [\"title\", \"icon\", \"type\"]}}]"}}, {"model": "admin.logentry", "pk": 10, "fields": {"action_time": "2020-05-16T08:06:43.567", "user": 1, "content_type": 10, "object_id": "2", "object_repr": "PageMenu object (2)", "action_flag": 1, "change_message": "[{\"added\": {}}]"}}, {"model": "admin.logentry", "pk": 11, "fields": {"action_time": "2020-05-16T08:36:54.528", "user": 1, "content_type": 10, "object_id": "3", "object_repr": "PageMenu object (3)", "action_flag": 1, "change_message": "[{\"added\": {}}]"}}, {"model": "admin.logentry", "pk": 12, "fields": {"action_time": "2020-05-16T08:50:20.321", "user": 1, "content_type": 10, "object_id": "4", "object_repr": "PageMenu object (4)", "action_flag": 1, "change_message": "[{\"added\": {}}]"}}, {"model": "admin.logentry", "pk": 13, "fields": {"action_time": "2020-05-16T09:10:54.695", "user": 1, "content_type": 9, "object_id": "1", "object_repr": "UserRole object (1)", "action_flag": 1, "change_message": "[{\"added\": {}}]"}}, {"model": "admin.logentry", "pk": 14, "fields": {"action_time": "2020-05-16T09:11:00.254", "user": 1, "content_type": 9, "object_id": "2", "object_repr": "UserRole object (2)", "action_flag": 1, "change_message": "[{\"added\": {}}]"}}, {"model": "admin.logentry", "pk": 15, "fields": {"action_time": "2020-05-16T09:11:07.687", "user": 1, "content_type": 9, "object_id": "3", "object_repr": "UserRole object (3)", "action_flag": 1, "change_message": "[{\"added\": {}}]"}}, {"model": "admin.logentry", "pk": 16, "fields": {"action_time": "2020-05-16T09:11:12.562", "user": 1, "content_type": 9, "object_id": "4", "object_repr": "UserRole object (4)", "action_flag": 1, "change_message": "[{\"added\": {}}]"}}, {"model": "admin.logentry", "pk": 17, "fields": {"action_time": "2020-05-16T11:30:22.600", "user": 1, "content_type": 10, "object_id": "5", "object_repr": "PageMenu object (5)", "action_flag": 1, "change_message": "[{\"added\": {}}]"}}, {"model": "admin.logentry", "pk": 18, "fields": {"action_time": "2020-05-16T13:31:16.213", "user": 1, "content_type": 14, "object_id": "1", "object_repr": "PlatForm object (1)", "action_flag": 1, "change_message": "[{\"added\": {}}]"}}, {"model": "admin.logentry", "pk": 19, "fields": {"action_time": "2020-05-16T13:31:35.648", "user": 1, "content_type": 14, "object_id": "2", "object_repr": "PlatForm object (2)", "action_flag": 1, "change_message": "[{\"added\": {}}]"}}, {"model": "admin.logentry", "pk": 20, "fields": {"action_time": "2020-05-16T13:31:54.465", "user": 1, "content_type": 12, "object_id": "1", "object_repr": "Mod object (1)", "action_flag": 1, "change_message": "[{\"added\": {}}]"}}, {"model": "admin.logentry", "pk": 21, "fields": {"action_time": "2020-05-16T13:33:58.599", "user": 1, "content_type": 12, "object_id": "2", "object_repr": "Mod object (2)", "action_flag": 1, "change_message": "[{\"added\": {}}]"}}, {"model": "admin.logentry", "pk": 22, "fields": {"action_time": "2020-05-16T13:34:32.840", "user": 1, "content_type": 12, "object_id": "3", "object_repr": "Mod object (3)", "action_flag": 1, "change_message": "[{\"added\": {}}]"}}, {"model": "admin.logentry", "pk": 23, "fields": {"action_time": "2020-05-16T13:34:46.120", "user": 1, "content_type": 12, "object_id": "4", "object_repr": "Mod object (4)", "action_flag": 1, "change_message": "[{\"added\": {}}]"}}, {"model": "admin.logentry", "pk": 24, "fields": {"action_time": "2020-05-16T13:34:53.160", "user": 1, "content_type": 12, "object_id": "5", "object_repr": "Mod object (5)", "action_flag": 1, "change_message": "[{\"added\": {}}]"}}, {"model": "admin.logentry", "pk": 25, "fields": {"action_time": "2020-05-16T13:35:00.712", "user": 1, "content_type": 12, "object_id": "6", "object_repr": "Mod object (6)", "action_flag": 1, "change_message": "[{\"added\": {}}]"}}, {"model": "admin.logentry", "pk": 26, "fields": {"action_time": "2020-05-16T13:35:09.984", "user": 1, "content_type": 12, "object_id": "7", "object_repr": "Mod object (7)", "action_flag": 1, "change_message": "[{\"added\": {}}]"}}, {"model": "admin.logentry", "pk": 27, "fields": {"action_time": "2020-05-16T13:35:20.040", "user": 1, "content_type": 12, "object_id": "8", "object_repr": "Mod object (8)", "action_flag": 1, "change_message": "[{\"added\": {}}]"}}, {"model": "admin.logentry", "pk": 28, "fields": {"action_time": "2020-05-16T13:35:29.209", "user": 1, "content_type": 12, "object_id": "9", "object_repr": "Mod object (9)", "action_flag": 1, "change_message": "[{\"added\": {}}]"}}, {"model": "admin.logentry", "pk": 29, "fields": {"action_time": "2020-05-16T13:35:36.271", "user": 1, "content_type": 12, "object_id": "10", "object_repr": "Mod object (10)", "action_flag": 1, "change_message": "[{\"added\": {}}]"}}, {"model": "admin.logentry", "pk": 30, "fields": {"action_time": "2020-05-16T13:35:50.184", "user": 1, "content_type": 12, "object_id": "11", "object_repr": "Mod object (11)", "action_flag": 1, "change_message": "[{\"added\": {}}]"}}, {"model": "admin.logentry", "pk": 31, "fields": {"action_time": "2020-05-16T13:35:56.912", "user": 1, "content_type": 12, "object_id": "12", "object_repr": "Mod object (12)", "action_flag": 1, "change_message": "[{\"added\": {}}]"}}, {"model": "admin.logentry", "pk": 32, "fields": {"action_time": "2020-05-16T13:38:17.518", "user": 1, "content_type": 13, "object_id": "1", "object_repr": "Project object (1)", "action_flag": 1, "change_message": "[{\"added\": {}}]"}}, {"model": "admin.logentry", "pk": 33, "fields": {"action_time": "2020-05-16T13:48:11.348", "user": 1, "content_type": 10, "object_id": "6", "object_repr": "PageMenu object (6)", "action_flag": 1, "change_message": "[{\"added\": {}}]"}}, {"model": "admin.logentry", "pk": 34, "fields": {"action_time": "2020-05-16T14:25:05.203", "user": 1, "content_type": 10, "object_id": "7", "object_repr": "PageMenu object (7)", "action_flag": 1, "change_message": "[{\"added\": {}}]"}}, {"model": "admin.logentry", "pk": 35, "fields": {"action_time": "2020-05-16T14:46:58.353", "user": 1, "content_type": 10, "object_id": "8", "object_repr": "PageMenu object (8)", "action_flag": 1, "change_message": "[{\"added\": {}}]"}}, {"model": "admin.logentry", "pk": 36, "fields": {"action_time": "2020-05-16T15:02:19.945", "user": 1, "content_type": 10, "object_id": "9", "object_repr": "PageMenu object (9)", "action_flag": 1, "change_message": "[{\"added\": {}}]"}}, {"model": "admin.logentry", "pk": 37, "fields": {"action_time": "2020-05-16T17:30:03.727", "user": 1, "content_type": 10, "object_id": "10", "object_repr": "PageMenu object (10)", "action_flag": 1, "change_message": "[{\"added\": {}}]"}}, {"model": "admin.logentry", "pk": 38, "fields": {"action_time": "2020-05-16T17:30:55.569", "user": 1, "content_type": 10, "object_id": "11", "object_repr": "PageMenu object (11)", "action_flag": 1, "change_message": "[{\"added\": {}}]"}}, {"model": "admin.logentry", "pk": 39, "fields": {"action_time": "2020-05-17T06:34:54.330", "user": 1, "content_type": 10, "object_id": "11", "object_repr": "PageMenu object (11)", "action_flag": 3, "change_message": ""}}, {"model": "admin.logentry", "pk": 40, "fields": {"action_time": "2020-05-17T06:35:30.908", "user": 1, "content_type": 10, "object_id": "12", "object_repr": "PageMenu object (12)", "action_flag": 1, "change_message": "[{\"added\": {}}]"}}, {"model": "admin.logentry", "pk": 41, "fields": {"action_time": "2020-05-18T13:45:32.745", "user": 1, "content_type": 11, "object_id": "1", "object_repr": "RoleMenu object (1)", "action_flag": 1, "change_message": "[{\"added\": {}}]"}}, {"model": "admin.logentry", "pk": 42, "fields": {"action_time": "2020-05-18T13:45:39.268", "user": 1, "content_type": 11, "object_id": "2", "object_repr": "RoleMenu object (2)", "action_flag": 1, "change_message": "[{\"added\": {}}]"}}, {"model": "admin.logentry", "pk": 43, "fields": {"action_time": "2020-05-18T13:45:46.245", "user": 1, "content_type": 11, "object_id": "3", "object_repr": "RoleMenu object (3)", "action_flag": 1, "change_message": "[{\"added\": {}}]"}}, {"model": "admin.logentry", "pk": 44, "fields": {"action_time": "2020-05-18T13:45:53.003", "user": 1, "content_type": 11, "object_id": "4", "object_repr": "RoleMenu object (4)", "action_flag": 1, "change_message": "[{\"added\": {}}]"}}, {"model": "admin.logentry", "pk": 45, "fields": {"action_time": "2020-05-18T13:45:58.988", "user": 1, "content_type": 11, "object_id": "5", "object_repr": "RoleMenu object (5)", "action_flag": 1, "change_message": "[{\"added\": {}}]"}}, {"model": "admin.logentry", "pk": 46, "fields": {"action_time": "2020-05-18T13:46:04.963", "user": 1, "content_type": 11, "object_id": "6", "object_repr": "RoleMenu object (6)", "action_flag": 1, "change_message": "[{\"added\": {}}]"}}, {"model": "admin.logentry", "pk": 47, "fields": {"action_time": "2020-05-18T13:46:12.122", "user": 1, "content_type": 11, "object_id": "7", "object_repr": "RoleMenu object (7)", "action_flag": 1, "change_message": "[{\"added\": {}}]"}}, {"model": "admin.logentry", "pk": 48, "fields": {"action_time": "2020-05-18T13:46:18.244", "user": 1, "content_type": 11, "object_id": "8", "object_repr": "RoleMenu object (8)", "action_flag": 1, "change_message": "[{\"added\": {}}]"}}, {"model": "admin.logentry", "pk": 49, "fields": {"action_time": "2020-05-18T13:46:23.980", "user": 1, "content_type": 11, "object_id": "9", "object_repr": "RoleMenu object (9)", "action_flag": 1, "change_message": "[{\"added\": {}}]"}}, {"model": "admin.logentry", "pk": 50, "fields": {"action_time": "2020-05-18T13:46:29.860", "user": 1, "content_type": 11, "object_id": "10", "object_repr": "RoleMenu object (10)", "action_flag": 1, "change_message": "[{\"added\": {}}]"}}, {"model": "admin.logentry", "pk": 51, "fields": {"action_time": "2020-05-18T13:46:35.389", "user": 1, "content_type": 11, "object_id": "11", "object_repr": "RoleMenu object (11)", "action_flag": 1, "change_message": "[{\"added\": {}}]"}}, {"model": "admin.logentry", "pk": 52, "fields": {"action_time": "2020-05-18T14:14:36.004", "user": 1, "content_type": 15, "object_id": "17", "object_repr": "Question object (17)", "action_flag": 2, "change_message": "[{\"changed\": {\"fields\": [\"show\", \"successinfo\"]}}]"}}, {"model": "admin.logentry", "pk": 53, "fields": {"action_time": "2020-05-18T14:18:16.503", "user": 1, "content_type": 15, "object_id": "17", "object_repr": "Question object (17)", "action_flag": 2, "change_message": "[{\"changed\": {\"fields\": [\"show\"]}}]"}}, {"model": "admin.logentry", "pk": 54, "fields": {"action_time": "2020-05-18T14:18:54.431", "user": 1, "content_type": 15, "object_id": "17", "object_repr": "Question object (17)", "action_flag": 2, "change_message": "[{\"changed\": {\"fields\": [\"show\"]}}]"}}, {"model": "admin.logentry", "pk": 55, "fields": {"action_time": "2020-05-18T14:19:23.131", "user": 1, "content_type": 15, "object_id": "17", "object_repr": "Question object (17)", "action_flag": 2, "change_message": "[{\"changed\": {\"fields\": [\"show\"]}}]"}}, {"model": "admin.logentry", "pk": 56, "fields": {"action_time": "2020-05-18T14:20:41.393", "user": 1, "content_type": 15, "object_id": "17", "object_repr": "Question object (17)", "action_flag": 2, "change_message": "[{\"changed\": {\"fields\": [\"show\"]}}]"}}, {"model": "admin.logentry", "pk": 57, "fields": {"action_time": "2020-05-18T17:36:13.405", "user": 1, "content_type": 10, "object_id": "3", "object_repr": "PageMenu object (3)", "action_flag": 2, "change_message": "[{\"changed\": {\"fields\": [\"spread\"]}}]"}}, {"model": "admin.logentry", "pk": 58, "fields": {"action_time": "2020-05-18T18:46:03.060", "user": 1, "content_type": 11, "object_id": "12", "object_repr": "RoleMenu object (12)", "action_flag": 1, "change_message": "[{\"added\": {}}]"}}, {"model": "admin.logentry", "pk": 59, "fields": {"action_time": "2020-05-18T18:46:14.991", "user": 1, "content_type": 11, "object_id": "13", "object_repr": "RoleMenu object (13)", "action_flag": 1, "change_message": "[{\"added\": {}}]"}}, {"model": "admin.logentry", "pk": 60, "fields": {"action_time": "2020-05-18T18:46:20.383", "user": 1, "content_type": 11, "object_id": "14", "object_repr": "RoleMenu object (14)", "action_flag": 1, "change_message": "[{\"added\": {}}]"}}, {"model": "admin.logentry", "pk": 61, "fields": {"action_time": "2020-05-19T08:34:10.690", "user": 1, "content_type": 17, "object_id": "3", "object_repr": "QuestionStatistics object (3)", "action_flag": 2, "change_message": "[{\"changed\": {\"fields\": [\"\\u6dfb\\u52a0\\u65f6\\u95f4\"]}}]"}}, {"model": "admin.logentry", "pk": 62, "fields": {"action_time": "2020-05-19T08:34:18.155", "user": 1, "content_type": 17, "object_id": "2", "object_repr": "QuestionStatistics object (2)", "action_flag": 2, "change_message": "[{\"changed\": {\"fields\": [\"\\u6dfb\\u52a0\\u65f6\\u95f4\"]}}]"}}, {"model": "admin.logentry", "pk": 63, "fields": {"action_time": "2020-05-19T08:34:23.940", "user": 1, "content_type": 17, "object_id": "1", "object_repr": "QuestionStatistics object (1)", "action_flag": 2, "change_message": "[{\"changed\": {\"fields\": [\"\\u6dfb\\u52a0\\u65f6\\u95f4\"]}}]"}}, {"model": "admin.logentry", "pk": 64, "fields": {"action_time": "2020-05-19T08:45:35.327", "user": 1, "content_type": 17, "object_id": "1", "object_repr": "QuestionStatistics object (1)", "action_flag": 2, "change_message": "[{\"changed\": {\"fields\": [\"\\u6dfb\\u52a0\\u65f6\\u95f4\"]}}]"}}, {"model": "admin.logentry", "pk": 65, "fields": {"action_time": "2020-05-19T08:46:06.343", "user": 1, "content_type": 17, "object_id": "4", "object_repr": "QuestionStatistics object (4)", "action_flag": 2, "change_message": "[{\"changed\": {\"fields\": [\"\\u6dfb\\u52a0\\u65f6\\u95f4\"]}}]"}}, {"model": "admin.logentry", "pk": 66, "fields": {"action_time": "2020-05-19T09:05:30.448", "user": 1, "content_type": 10, "object_id": "13", "object_repr": "PageMenu object (13)", "action_flag": 1, "change_message": "[{\"added\": {}}]"}}, {"model": "admin.logentry", "pk": 67, "fields": {"action_time": "2020-05-19T09:11:06.141", "user": 1, "content_type": 10, "object_id": "12", "object_repr": "PageMenu object (12)", "action_flag": 2, "change_message": "[{\"changed\": {\"fields\": [\"Href\"]}}]"}}, {"model": "admin.logentry", "pk": 68, "fields": {"action_time": "2020-05-19T09:13:28.567", "user": 1, "content_type": 10, "object_id": "12", "object_repr": "PageMenu object (12)", "action_flag": 2, "change_message": "[{\"changed\": {\"fields\": [\"Href\"]}}]"}}, {"model": "admin.logentry", "pk": 69, "fields": {"action_time": "2020-05-19T10:29:13.361", "user": 1, "content_type": 10, "object_id": "14", "object_repr": "PageMenu object (14)", "action_flag": 1, "change_message": "[{\"added\": {}}]"}}, {"model": "admin.logentry", "pk": 70, "fields": {"action_time": "2020-05-19T10:30:24.383", "user": 1, "content_type": 10, "object_id": "15", "object_repr": "PageMenu object (15)", "action_flag": 1, "change_message": "[{\"added\": {}}]"}}, {"model": "admin.logentry", "pk": 71, "fields": {"action_time": "2020-05-19T19:34:37.645", "user": 1, "content_type": 15, "object_id": "17", "object_repr": "Question object (17)", "action_flag": 2, "change_message": "[{\"changed\": {\"fields\": [\"Show\", \"\\u5b8c\\u6210\\u65f6\\u95f4\", \"\\u6dfb\\u52a0\\u65f6\\u95f4\"]}}]"}}, {"model": "admin.logentry", "pk": 72, "fields": {"action_time": "2020-05-20T00:22:06.161", "user": 1, "content_type": 10, "object_id": "16", "object_repr": "PageMenu object (16)", "action_flag": 1, "change_message": "[{\"added\": {}}]"}}, {"model": "admin.logentry", "pk": 73, "fields": {"action_time": "2020-05-21T00:12:49.551", "user": 1, "content_type": 10, "object_id": "17", "object_repr": "PageMenu object (17)", "action_flag": 1, "change_message": "[{\"added\": {}}]"}}, {"model": "admin.logentry", "pk": 74, "fields": {"action_time": "2020-05-21T00:13:41.480", "user": 1, "content_type": 10, "object_id": "17", "object_repr": "PageMenu object (17)", "action_flag": 2, "change_message": "[{\"changed\": {\"fields\": [\"type\"]}}]"}}, {"model": "admin.logentry", "pk": 75, "fields": {"action_time": "2020-05-21T00:13:49.361", "user": 1, "content_type": 10, "object_id": "17", "object_repr": "PageMenu object (17)", "action_flag": 2, "change_message": "[{\"changed\": {\"fields\": [\"pid\"]}}]"}}, {"model": "admin.logentry", "pk": 76, "fields": {"action_time": "2020-05-21T00:39:54.810", "user": 1, "content_type": 17, "object_id": "6", "object_repr": "QuestionStatistics object (6)", "action_flag": 1, "change_message": "[{\"added\": {}}]"}}, {"model": "admin.logentry", "pk": 77, "fields": {"action_time": "2020-05-21T00:59:33.909", "user": 1, "content_type": 10, "object_id": "18", "object_repr": "PageMenu object (18)", "action_flag": 1, "change_message": "[{\"added\": {}}]"}}, {"model": "admin.logentry", "pk": 78, "fields": {"action_time": "2020-05-21T01:07:03.270", "user": 1, "content_type": 10, "object_id": "18", "object_repr": "PageMenu object (18)", "action_flag": 2, "change_message": "[{\"changed\": {\"fields\": [\"href\"]}}]"}}, {"model": "admin.logentry", "pk": 79, "fields": {"action_time": "2020-05-21T01:07:12.923", "user": 1, "content_type": 10, "object_id": "18", "object_repr": "PageMenu object (18)", "action_flag": 2, "change_message": "[{\"changed\": {\"fields\": [\"href\"]}}]"}}, {"model": "admin.logentry", "pk": 80, "fields": {"action_time": "2020-05-21T02:21:55.763", "user": 1, "content_type": 19, "object_id": "1", "object_repr": "\u5e73\u53f0\u65e0\u6cd5\u767b\u9646", "action_flag": 1, "change_message": "[{\"added\": {}}]"}}, {"model": "admin.logentry", "pk": 81, "fields": {"action_time": "2020-05-21T03:03:28.652", "user": 1, "content_type": 15, "object_id": "17", "object_repr": "Question object (17)", "action_flag": 2, "change_message": "[{\"changed\": {\"fields\": [\"show\"]}}]"}}]